account_code,account_suitability,position_id,asset_id,position_value,asset_name,asset_cnpj,class_name,class_id,policy_id,percentage,euclidean_distance
45848,moderado,787,570,4536.25,Absolute Hedge FIC FIM,18860059000115.0,Multimercado,15,5,0.09,13336.0771385254067148
58230,moderado-conservador,1051,806,0.0,Saldo em Conta,,Saldo em Conta,11,8,0,56792042.9037547091000262
46744,moderado-agressivo,1052,806,0.0,Saldo em Conta,,Saldo em Conta,11,8,0,9266.4328321336884333
47497,moderado-conservador,1053,806,0.06,Saldo em Conta,,Saldo em Conta,11,8,0,65864.780259363295244672
72740,moderado,1054,806,389.03,Saldo em Conta,,Saldo em Conta,11,8,0,999180337.012444297172
51239,moderado,1055,806,0.0,Saldo em Conta,,Saldo em Conta,11,8,0,2006283.7530884064854888
49232,moderado-conservador,1056,806,84351.33,Saldo em Conta,,Saldo em Conta,11,8,0,362028.97962802375
32263,moderado-conservador,1057,806,0.0,Saldo em Conta,,Saldo em Conta,11,8,0,267181662.6080263996581187
45848,moderado,1058,806,0.0,Saldo em Conta,,Saldo em Conta,11,8,0,13336.0771385254067148
76497,moderado,1059,806,0.0,Saldo em Conta,,Saldo em Conta,11,8,0,27564.5903127600808171
46168,moderado,1060,806,14.8,Saldo em Conta,,Saldo em Conta,11,8,0,66981.38305257141262
56165,moderado-agressivo,1061,806,64.69,Saldo em Conta,,Saldo em Conta,11,8,0,100573.1499574582176167
78059,moderado,1062,806,0.0,Saldo em Conta,,Saldo em Conta,11,8,0,0.0000000000000000
82356,conservador,1063,806,0.0,Saldo em Conta,,Saldo em Conta,11,8,0,48387.2719700550072249
73707,moderado-agressivo,1064,806,121.93,Saldo em Conta,,Saldo em Conta,11,8,0,2517.5595833465391887
20921,agressivo,1065,806,3.65,Saldo em Conta,,Saldo em Conta,11,8,0,20284.52179342663231915
32449,moderado-conservador,1066,806,0.0,Saldo em Conta,,Saldo em Conta,11,8,0,381331.1151648059753436
65547,moderado,534,631,133886.22,CDB PRE DU CDB120CAG00,,Renda Fixa Pré-Fixada,18,3,0.11,57338724.96373227033516
65547,moderado,535,574,61127.1703,CDB PRE DU CDB320A2QHT,,Renda Fixa Pré-Fixada,18,3,0.11,57338724.96373227033516
65547,moderado,536,609,206855.5322,CDB PRE DU CDB420IBE9D,,Renda Fixa Pré-Fixada,18,3,0.11,57338724.96373227033516
65547,moderado,537,741,47910.6903,CDB PRE DU CDB321ALNBI,,Renda Fixa Pré-Fixada,18,3,0.11,57338724.96373227033516
65547,moderado,538,596,71442.6276,LCI PRE 21K00148900,,Renda Fixa Pré-Fixada,18,3,0.11,57338724.96373227033516
65547,moderado,539,696,26703.9693,LCI PRE 21K00968252,,Renda Fixa Pré-Fixada,18,3,0.11,57338724.96373227033516
65547,moderado,540,560,121570.1789,LCA 22D01211636,,Renda Fixa Pós-Fixada,16,1,0.46,57338724.96373227033516
65547,moderado,541,766,74711.1683,LCA 22D00645296,,Renda Fixa Pós-Fixada,16,1,0.46,57338724.96373227033516
65547,moderado,542,590,3349.0873,LCA 22D00638373,,Renda Fixa Pós-Fixada,16,1,0.46,57338724.96373227033516
65547,moderado,543,797,99517.8455,CDB FLU CDB1234T4ES,,Renda Fixa Pós-Fixada,16,1,0.46,57338724.96373227033516
65547,moderado,544,682,31241.7704,LCI 23C00171460,,Renda Fixa Pós-Fixada,16,1,0.46,57338724.96373227033516
65547,moderado,545,824,212142.3191,CDB FLU CDB1203K0PG,,Renda Fixa Inflação,14,2,0.24,57338724.96373227033516
65547,moderado,546,794,66562.1827,CRA FLU CRA020001US,,Renda Fixa Inflação,14,2,0.24,57338724.96373227033516
65547,moderado,547,794,7863894,CRA FLU CRA020001US,,Renda Fixa Inflação,14,2,0.24,57338724.96373227033516
65547,moderado,548,693,314005.2281,CRA FLU CRA020003KB,,Renda Fixa Inflação,14,2,0.24,57338724.96373227033516
65547,moderado,549,562,66000.1669,CDB FLU CDB221KACV7,,Renda Fixa Inflação,14,2,0.24,57338724.96373227033516
65547,moderado,550,818,24965.4513,CDB FLU CDB321DQESN,,Renda Fixa Inflação,14,2,0.24,57338724.96373227033516
65547,moderado,551,649,97858.0721,CDB FLU CDB421EAIFR,,Renda Fixa Inflação,14,2,0.24,57338724.96373227033516
65547,moderado,552,667,127230.8122,CDB FLU CDB1220M14T,,Renda Fixa Inflação,14,2,0.24,57338724.96373227033516
65547,moderado,553,630,63674.0309,NTN-B 760199,,Renda Fixa Inflação,14,2,0.24,57338724.96373227033516
65547,moderado,554,558,64222.9339,CRI 22B0004808,,Renda Fixa Inflação,14,2,0.24,57338724.96373227033516
55836,moderado,555,615,62034.2151,CDB PRE DU CDB4200AJBO,,Renda Fixa Pré-Fixada,18,3,0.11,132401508.97846384512637637
55836,moderado,556,584,35869.1149,CDB PRE DU CDB420J5QL3,,Renda Fixa Pré-Fixada,18,3,0.11,132401508.97846384512637637
55836,moderado,557,814,51497.6855,CDB PRE DU CDB3213NAT7,,Renda Fixa Pré-Fixada,18,3,0.11,132401508.97846384512637637
55836,moderado,558,596,5855.9531,LCI PRE 21K00148900,,Renda Fixa Pré-Fixada,18,3,0.11,132401508.97846384512637637
55836,moderado,559,740,40693.2283,CDB FLU CDB1197EYZU,,Renda Fixa Inflação,14,2,0.24,132401508.97846384512637637
55836,moderado,560,559,71044.5125,CDB FLU CDB1203Q6NZ,,Renda Fixa Inflação,14,2,0.24,132401508.97846384512637637
55836,moderado,561,737,33918.2381,CDB FLU CDB120B95WB,,Renda Fixa Inflação,14,2,0.24,132401508.97846384512637637
55836,moderado,562,796,127611.6474,DEB FLU U ENEV26,,Renda Fixa Inflação,14,2,0.24,132401508.97846384512637637
55836,moderado,563,627,31017.6854,CDB FLU CDB1216K2T1,,Renda Fixa Inflação,14,2,0.24,132401508.97846384512637637
55836,moderado,564,636,92034.3263,DEB FLU U RUMOB5,,Renda Fixa Inflação,14,2,0.24,132401508.97846384512637637
55836,moderado,565,652,67700.6075,CRA FLU CRA020003PY,,Renda Fixa Inflação,14,2,0.24,132401508.97846384512637637
55836,moderado,566,811,70103916,DEB FLU U LORTA7,,Renda Fixa Inflação,14,2,0.24,132401508.97846384512637637
55836,moderado,567,603,62874.2336,LF FLU LF0021007RJ,,Renda Fixa Inflação,14,2,0.24,132401508.97846384512637637
55836,moderado,568,680,84093.1921,CDB FLU CDB221JZDNE,,Renda Fixa Inflação,14,2,0.24,132401508.97846384512637637
55836,moderado,569,772,54841.6732,CRA FLU CRA021001VA,,Renda Fixa Inflação,14,2,0.24,132401508.97846384512637637
55836,moderado,570,752,112318562,CDB FLU CDB321CGU1J,,Renda Fixa Inflação,14,2,0.24,132401508.97846384512637637
55836,moderado,571,630,16823.9158,NTN-B 760199,,Renda Fixa Inflação,14,2,0.24,132401508.97846384512637637
55836,moderado,572,640,76666.2572,CDB FLU CDB421CS1Z8,,Renda Fixa Inflação,14,2,0.24,132401508.97846384512637637
55836,moderado,573,649,52509.2094,CDB FLU CDB421EAIFR,,Renda Fixa Inflação,14,2,0.24,132401508.97846384512637637
55836,moderado,574,630,81198.1482,NTN-B 760199,,Renda Fixa Inflação,14,2,0.24,132401508.97846384512637637
55836,moderado,575,630,49039.4595,NTN-B 760199,,Renda Fixa Inflação,14,2,0.24,132401508.97846384512637637
55836,moderado,576,630,94074.8686,NTN-B 760199,,Renda Fixa Inflação,14,2,0.24,132401508.97846384512637637
55836,moderado,577,630,57852.8402,NTN-B 760199,,Renda Fixa Inflação,14,2,0.24,132401508.97846384512637637
18073,moderado-conservador,578,630,39193.4114,NTN-B 760199,,Renda Fixa Inflação,14,2,0.24,51423774.5900823556229462
18073,moderado-conservador,579,693,48872409,CRA FLU CRA020003KB,,Renda Fixa Inflação,14,2,0.24,51423774.5900823556229462
18073,moderado-conservador,580,636,20319.2668,DEB FLU U RUMOB5,,Renda Fixa Inflação,14,2,0.24,51423774.5900823556229462
18073,moderado-conservador,581,683,38927.6251,CDB FLU CDB121EJLJ6,,Renda Fixa Inflação,14,2,0.24,51423774.5900823556229462
18073,moderado-conservador,582,772,15995488,CRA FLU CRA021001VA,,Renda Fixa Inflação,14,2,0.24,51423774.5900823556229462
18073,moderado-conservador,583,672,16788.2482,DEB FLU U LCAMD1,,Renda Fixa Inflação,14,2,0.24,51423774.5900823556229462
18073,moderado-conservador,584,630,30684.0162,NTN-B 760199,,Renda Fixa Inflação,14,2,0.24,51423774.5900823556229462
7826,moderado-conservador,585,726,20735.1778,LTN 100000,,Renda Fixa Pré-Fixada,18,3,0.11,54651.1290499655540282
7826,moderado-conservador,586,630,21466.9702,NTN-B 760199,,Renda Fixa Inflação,14,2,0.24,54651.1290499655540282
2429,moderado,587,734,148965.5098,CDB PRE DU CDB122DP2ZX,,Renda Fixa Pré-Fixada,18,3,0.11,133943897.9535000396616473
2429,moderado,588,746,147907.0299,CDB PRE DU CDB122E1Y4T,,Renda Fixa Pré-Fixada,18,3,0.11,133943897.9535000396616473
2429,moderado,589,620,134559.3805,CRI 21K0001812,,Renda Fixa Inflação,14,2,0.24,133943897.9535000396616473
2429,moderado,590,722,133943599,CRI 21K0001807,,Renda Fixa Inflação,14,2,0.24,133943897.9535000396616473
2429,moderado,591,646,114034.3187,CDB FLU CDB122DP4IN,,Renda Fixa Inflação,14,2,0.24,133943897.9535000396616473
2429,moderado,592,630,49084.2659,NTN-B 760199,,Renda Fixa Inflação,14,2,0.24,133943897.9535000396616473
2429,moderado,593,583,25263.7928,CRA FLU CRA022004MS,,Renda Fixa Inflação,14,2,0.24,133943897.9535000396616473
2429,moderado,594,630,43581.6333,NTN-B 760199,,Renda Fixa Inflação,14,2,0.24,133943897.9535000396616473
66740,moderado-conservador,595,800,3338.6778,CDB PRE DU CDB222LA152,,Renda Fixa Pré-Fixada,18,3,0.11,17557.63113720791123
66740,moderado-conservador,596,732,6728.2282,CDB PRE DU CDB2227LG74,,Renda Fixa Pré-Fixada,18,3,0.11,17557.63113720791123
66740,moderado-conservador,597,688,5992.3462,LCA 21F01104797,,Renda Fixa Inflação,14,2,0.24,17557.63113720791123
66740,moderado-conservador,598,710,11896.9575,LCA 21G00651230,,Renda Fixa Inflação,14,2,0.24,17557.63113720791123
6777,moderado-conservador,599,703,11249.1044,CDB PRE DU CDB2228O0DP,,Renda Fixa Pré-Fixada,18,3,0.11,231794.1921667687398789
6777,moderado-conservador,600,681,7050.7843,LCI PRE 23C00117556,,Renda Fixa Pré-Fixada,18,3,0.11,231794.1921667687398789
6777,moderado-conservador,601,630,22007.9986,NTN-B 760199,,Renda Fixa Inflação,14,2,0.24,231794.1921667687398789
60648,,602,832,32332.92,CDB PRE DU CDB322HFS5R,,Renda Fixa Pré-Fixada,18,3,0.11,64999687.79615991238861315
60648,,603,831,64999568,CDB PRE DU CDB322HFSNX,,Renda Fixa Pré-Fixada,18,3,0.11,64999687.79615991238861315
55101,moderado,604,672,29595.0025,DEB FLU U LCAMD1,,Renda Fixa Inflação,14,2,0.24,140192.967495715948
58230,moderado-conservador,605,608,61914.6839,CDB PRE DU CDB320I3T7I,,Renda Fixa Pré-Fixada,18,3,0.11,56792042.9037547091000262
58230,moderado-conservador,606,626,71849.2366,CDB PRE DU CDB3213WEPX,,Renda Fixa Pré-Fixada,18,3,0.11,56792042.9037547091000262
58230,moderado-conservador,607,663,65115.7776,CDB PRE DU CDB321DQERJ,,Renda Fixa Pré-Fixada,18,3,0.11,56792042.9037547091000262
58230,moderado-conservador,608,834,18058.1271,CDB PRE DU CDB321EB2U6,,Renda Fixa Pré-Fixada,18,3,0.11,56792042.9037547091000262
58230,moderado-conservador,609,664,218733.8668,CDB FLU CDB2202Z16F,,Renda Fixa Inflação,14,2,0.24,56792042.9037547091000262
58230,moderado-conservador,610,794,86139.2953,CRA FLU CRA020001US,,Renda Fixa Inflação,14,2,0.24,56792042.9037547091000262
58230,moderado-conservador,611,630,95183.9992,NTN-B 760199,,Renda Fixa Inflação,14,2,0.24,56792042.9037547091000262
58230,moderado-conservador,612,735,113467.3111,CDB FLU CDB221L4JBW,,Renda Fixa Inflação,14,2,0.24,56792042.9037547091000262
58230,moderado-conservador,613,630,18192.5803,NTN-B 760199,,Renda Fixa Inflação,14,2,0.24,56792042.9037547091000262
58230,moderado-conservador,614,630,23215.1292,NTN-B 760199,,Renda Fixa Inflação,14,2,0.24,56792042.9037547091000262
46744,moderado-agressivo,615,726,828.0946,LTN 100000,,Renda Fixa Pré-Fixada,18,3,0.11,9266.4328321336884333
46744,moderado-agressivo,616,726,1652.5251,LTN 100000,,Renda Fixa Pré-Fixada,18,3,0.11,9266.4328321336884333
47497,moderado-conservador,617,593,11901.5155,CDB PRE DU CDB321DHHVC,,Renda Fixa Pré-Fixada,18,3,0.11,65864.780259363295244672
47497,moderado-conservador,618,582,12063.5915,CRA FLU CRA021000GU,,Renda Fixa Inflação,14,2,0.24,65864.780259363295244672
47497,moderado-conservador,619,573,11856.6348,CRA FLU CRA020002H1,,Renda Fixa Inflação,14,2,0.24,65864.780259363295244672
72740,moderado,620,779,232890.7971,CDB FLU CDB122CRWV9,,Renda Fixa Pós-Fixada,16,1,0.46,999180337.012444297172
72740,moderado,621,633,239390.1172,CDB FLU CDB422O6J6T,,Renda Fixa Pós-Fixada,16,1,0.46,999180337.012444297172
72740,moderado,622,648,239660.0321,CDB FLU CDB422O6MDB,,Renda Fixa Pós-Fixada,16,1,0.46,999180337.012444297172
72740,moderado,623,675,239306.2094,CDB FLU CDB422P6OXM,,Renda Fixa Pós-Fixada,16,1,0.46,999180337.012444297172
72740,moderado,624,689,239088.2359,CDB FLU CDB422PQ2H7,,Renda Fixa Pós-Fixada,16,1,0.46,999180337.012444297172
72740,moderado,625,793,51028.0575,CDB FLU CDB422PQ2QD,,Renda Fixa Pós-Fixada,16,1,0.46,999180337.012444297172
72740,moderado,626,742,239174.4182,CDB FLU CDB422PQ39H,,Renda Fixa Pós-Fixada,16,1,0.46,999180337.012444297172
72740,moderado,627,829,84581.5861,CDB FLU CDB1231X498,,Renda Fixa Pós-Fixada,16,1,0.46,999180337.012444297172
72740,moderado,628,709,14386529,CDB FLU CDB1235BHHV,,Renda Fixa Pós-Fixada,16,1,0.46,999180337.012444297172
72740,moderado,629,677,60245.5415,CDB FLU CDB1238YDU3,,Renda Fixa Pós-Fixada,16,1,0.46,999180337.012444297172
72740,moderado,630,630,999076513,NTN-B 760199,,Renda Fixa Inflação,14,2,0.24,999180337.012444297172
49232,moderado-conservador,631,807,122801.1005,LF FLU LF002100BU5,,Renda Fixa Inflação,14,2,0.24,362028.97962802375
49232,moderado-conservador,632,672,205197.0366,DEB FLU U LCAMD1,,Renda Fixa Inflação,14,2,0.24,362028.97962802375
32263,moderado-conservador,633,717,8055431,LCI PRE 23C00306848,,Renda Fixa Pré-Fixada,18,3,0.11,267181662.6080263996581187
32263,moderado-conservador,634,630,267059542,NTN-B 760199,,Renda Fixa Inflação,14,2,0.24,267181662.6080263996581187
32263,moderado-conservador,635,695,290420.5172,CDB FLU CDB122MA25U,,Renda Fixa Inflação,14,2,0.24,267181662.6080263996581187
32263,moderado-conservador,636,613,7589.5117,CDB FLU CDB222FZGA9,,Renda Fixa Inflação,14,2,0.24,267181662.6080263996581187
76497,moderado,637,760,1043.1733,LCA PRE 22K01422287,,Renda Fixa Pré-Fixada,18,3,0.11,27564.5903127600808171
46168,moderado,641,830,3316.8521,CDB FLU CDB2227XCDE,,Renda Fixa Inflação,14,2,0.24,66981.38305257141262
46168,moderado,642,630,8256.9438,NTN-B 760199,,Renda Fixa Inflação,14,2,0.24,66981.38305257141262
56165,moderado-agressivo,643,820,14129.0099,CDB PRE DU CDB322FAXTQ,,Renda Fixa Pré-Fixada,18,3,0.11,100573.1499574582176167
56165,moderado-agressivo,644,828,79051.7676,CDB FLU CDB322FAXTZ,,Renda Fixa Pós-Fixada,16,1,0.46,100573.1499574582176167
56165,moderado-agressivo,645,616,3062.2652,CDB FLU CDB123BU53T,,Renda Fixa Pós-Fixada,16,1,0.46,100573.1499574582176167
56165,moderado-agressivo,646,604,2032.6018,LCA 23B00241563,,Renda Fixa Pós-Fixada,16,1,0.46,100573.1499574582176167
56165,moderado-agressivo,647,588,1014.4079,CDB FLU CDB123H91A0,,Renda Fixa Pós-Fixada,16,1,0.46,100573.1499574582176167
56165,moderado-agressivo,648,630,12850.5681,NTN-B 760199,,Renda Fixa Inflação,14,2,0.24,100573.1499574582176167
56165,moderado-agressivo,649,692,2024.2656,CDB FLU CDB123K7A6G,,Renda Fixa Inflação,14,2,0.24,100573.1499574582176167
56165,moderado-agressivo,650,623,2017.7271,CDB FLU CDB123MT96I,,Renda Fixa Inflação,14,2,0.24,100573.1499574582176167
82356,conservador,651,726,4945.8398,LTN 100000,,Renda Fixa Pré-Fixada,18,3,0.11,48387.2719700550072249
82356,conservador,652,726,26499.0269,LTN 100000,,Renda Fixa Pré-Fixada,18,3,0.11,48387.2719700550072249
82356,conservador,653,630,8609.3442,NTN-B 760199,,Renda Fixa Inflação,14,2,0.24,48387.2719700550072249
82356,conservador,654,630,8385.8463,NTN-B 760199,,Renda Fixa Inflação,14,2,0.24,48387.2719700550072249
32449,moderado-conservador,658,575,9038.9607,LCA PRE 23C01237215,,Renda Fixa Pré-Fixada,18,3,0.11,381331.1151648059753436
32449,moderado-conservador,659,736,21145.1961,CDB FLU CDB123O1RLA,,Renda Fixa Inflação,14,2,0.24,381331.1151648059753436
65547,moderado,660,702,342.07,Trend Investback FIC FIRF Simples,,Renda Fixa Pós-Fixada,16,1,0.46,57338724.96373227033516
65547,moderado,662,769,53337.94,CLUBE DE INVESTIMENTO PARAGON SISTEMÁTICO 1,47775567000101.0,Renda Variável,20,4,0.2,57338724.96373227033516
65547,moderado,663,731,18467.2,XP Private Equity Classe A - Trend PE I FIC FIRF Simples,,Alternativos,17,6,0,57338724.96373227033516
65547,moderado,664,622,181736.39,XP Private Equity I FIP Multiestratégia,21523833000107.0,Alternativos,17,6,0,57338724.96373227033516
65547,moderado,665,624,69412.44,XP Special Opportunities FIP Classe A - Trend PE VIII FIC FIRF Simples,,Alternativos,17,6,0,57338724.96373227033516
65547,moderado,666,727,23562.08,XP Special Opportunities FIP Multiestratégia,43120744000152.0,Alternativos,17,6,0,57338724.96373227033516
65547,moderado,667,577,60000.0,XP Crédito Agro - XPAG11,,Renda Variável,20,4,0.2,57338724.96373227033516
55836,moderado,668,659,15042.09,Vinland RF Ativo Advisory LP FIC FI,34687441000125.0,Renda Fixa Pós-Fixada,16,1,0.46,132401508.97846384512637637
55836,moderado,669,723,23180.32,Ibiuna Credit FIC FIM CP,37310657000165.0,Renda Fixa Pós-Fixada,16,1,0.46,132401508.97846384512637637
55836,moderado,670,611,7930.08,Selection RF High Yield FIC FIM CP Longo Prazo,34957512000162.0,Renda Fixa Pós-Fixada,16,1,0.46,132401508.97846384512637637
55836,moderado,671,702,148.7,Trend Investback FIC FIRF Simples,,Renda Fixa Pós-Fixada,16,1,0.46,132401508.97846384512637637
55836,moderado,673,639,79927.81,Absolute Vertex Advisory FIC FIM,28947266000165.0,Multimercado,15,5,0.09,132401508.97846384512637637
55836,moderado,674,650,97512.01,Bahia AM Maraú Advisory FIC FIM,28747733000103.0,Multimercado,15,5,0.09,132401508.97846384512637637
55836,moderado,675,775,3149.99,Vinland Macro Advisory FIC FIM,28581109000189.0,Multimercado,15,5,0.09,132401508.97846384512637637
55836,moderado,676,637,9561.25,Occam Retorno Absoluto Advisory FIC FIM,34475592000110.0,Multimercado,15,5,0.09,132401508.97846384512637637
55836,moderado,677,624,69486.71,XP Special Opportunities FIP Classe A - Trend PE VIII FIC FIRF Simples,,Alternativos,17,6,0,132401508.97846384512637637
55836,moderado,678,727,23562.08,XP Special Opportunities FIP Multiestratégia,43120744000152.0,Alternativos,17,6,0,132401508.97846384512637637
55836,moderado,679,655,29868.3,Headline XP VC 3 FIP Multiestratégia Classe A - Trend PE X,,Alternativos,17,6,0,132401508.97846384512637637
55836,moderado,680,563,2332.35,Headline XP Venture Capital 3 Feeder 1 FIP Multiestratégia,44466443000148.0,Alternativos,17,6,0,132401508.97846384512637637
18073,moderado-conservador,682,570,19847.28,Absolute Hedge FIC FIM,18860059000115.0,Multimercado,15,5,0.09,51423774.5900823556229462
18073,moderado-conservador,683,770,26567.13,Ibiuna Hedge ST Advisory FIC FIM,30493349000173.0,Multimercado,15,5,0.09,51423774.5900823556229462
18073,moderado-conservador,684,614,5288.17,Claritas Institucional Feeder II FIC FIM,43761750000199.0,Multimercado,15,5,0.09,51423774.5900823556229462
18073,moderado-conservador,685,783,31427.25,XP Macro FIM,23922063000109.0,Multimercado,15,5,0.09,51423774.5900823556229462
18073,moderado-conservador,686,639,9993.71,Absolute Vertex Advisory FIC FIM,28947266000165.0,Multimercado,15,5,0.09,51423774.5900823556229462
18073,moderado-conservador,687,756,16782.09,Bahia AM Long Biased FIC FIM,23732231000195.0,Renda Variável,20,4,0.2,51423774.5900823556229462
18073,moderado-conservador,688,684,15568.3,Brasil Capital 30 Advisory FIC FIA,34430477000129.0,Renda Variável,20,4,0.2,51423774.5900823556229462
7826,moderado-conservador,689,701,12897.03,Trend DI FIC FIRF Simples,45278833000157.0,Renda Fixa Pós-Fixada,16,1,0.46,54651.1290499655540282
7826,moderado-conservador,691,720,32104.99,Trend Pós-Fixado FIC FIRF Simples,26559284000144.0,Renda Fixa Pós-Fixada,16,1,0.46,54651.1290499655540282
2429,moderado,693,659,5016.8,Vinland RF Ativo Advisory LP FIC FI,34687441000125.0,Renda Fixa Pós-Fixada,16,1,0.46,133943897.9535000396616473
2429,moderado,694,610,964.66,Riza Lotus Plus Advisory FIC FIRF REF DI CP,43917493000131.0,Renda Fixa Pós-Fixada,16,1,0.46,133943897.9535000396616473
2429,moderado,695,701,444.51,Trend DI FIC FIRF Simples,45278833000157.0,Renda Fixa Pós-Fixada,16,1,0.46,133943897.9535000396616473
66740,moderado-conservador,696,701,1493.86,Trend DI FIC FIRF Simples,45278833000157.0,Renda Fixa Pós-Fixada,16,1,0.46,17557.63113720791123
66740,moderado-conservador,697,659,4633.45,Vinland RF Ativo Advisory LP FIC FI,34687441000125.0,Renda Fixa Pós-Fixada,16,1,0.46,17557.63113720791123
66740,moderado-conservador,698,702,293.41,Trend Investback FIC FIRF Simples,,Renda Fixa Pós-Fixada,16,1,0.46,17557.63113720791123
66740,moderado-conservador,700,708,4359.64,Ibiuna Long Short Advisory FIC FIM,29732926000153.0,Multimercado,15,5,0.09,17557.63113720791123
66740,moderado-conservador,701,711,1681.82,Claritas Long Short Advisory FIC FIM,27944406000189.0,Multimercado,15,5,0.09,17557.63113720791123
66740,moderado-conservador,702,570,2513.67,Absolute Hedge FIC FIM,18860059000115.0,Multimercado,15,5,0.09,17557.63113720791123
66740,moderado-conservador,703,792,1669.57,Kinea Atlas II FIM,29762315000158.0,Multimercado,15,5,0.09,17557.63113720791123
66740,moderado-conservador,704,599,1615.64,Giant Darius Advisory FIC FIM,41075713000100.0,Multimercado,15,5,0.09,17557.63113720791123
66740,moderado-conservador,705,715,4134.03,Occam Equity Hedge Advisory FIC FIM,38267707000131.0,Multimercado,15,5,0.09,17557.63113720791123
6777,moderado-conservador,706,702,1567.54,Trend Investback FIC FIRF Simples,,Renda Fixa Pós-Fixada,16,1,0.46,231794.1921667687398789
6777,moderado-conservador,707,657,218567.82,Polo Crédito Corporativo Advisory FIRF CP LP,31455879000190.0,Renda Fixa Pós-Fixada,16,1,0.46,231794.1921667687398789
6777,moderado-conservador,708,659,19054.26,Vinland RF Ativo Advisory LP FIC FI,34687441000125.0,Renda Fixa Pós-Fixada,16,1,0.46,231794.1921667687398789
6777,moderado-conservador,710,673,20820.84,ASA Hedge FIC FIM,20458815000126.0,Multimercado,15,5,0.09,231794.1921667687398789
60648,,711,702,201.82,Trend Investback FIC FIRF Simples,,Renda Fixa Pós-Fixada,16,1,0.46,64999687.79615991238861315
60648,,712,659,42057.38,Vinland RF Ativo Advisory LP FIC FI,34687441000125.0,Renda Fixa Pós-Fixada,16,1,0.46,64999687.79615991238861315
60648,,713,571,19330.05,SulAmérica Excellence FIRF CP,4899128000190.0,Renda Fixa Pós-Fixada,16,1,0.46,64999687.79615991238861315
60648,,715,701,447.92,Trend DI FIC FIRF Simples,45278833000157.0,Renda Fixa Pós-Fixada,16,1,0.46,64999687.79615991238861315
60648,,716,673,14282.4,ASA Hedge FIC FIM,20458815000126.0,Multimercado,15,5,0.09,64999687.79615991238861315
55101,moderado,717,571,13047.7,SulAmérica Excellence FIRF CP,4899128000190.0,Renda Fixa Pós-Fixada,16,1,0.46,140192.967495715948
55101,moderado,718,659,1118.02,Vinland RF Ativo Advisory LP FIC FI,34687441000125.0,Renda Fixa Pós-Fixada,16,1,0.46,140192.967495715948
55101,moderado,720,701,6360.32,Trend DI FIC FIRF Simples,45278833000157.0,Renda Fixa Pós-Fixada,16,1,0.46,140192.967495715948
55101,moderado,721,819,56673.46,Verde AM X60 Advisory FIC FIM,31403590000127.0,Multimercado,15,5,0.09,140192.967495715948
55101,moderado,722,637,11333.43,Occam Retorno Absoluto Advisory FIC FIM,34475592000110.0,Multimercado,15,5,0.09,140192.967495715948
55101,moderado,723,808,4797.53,Kadima II FIC FIM,9441308000147.0,Multimercado,15,5,0.09,140192.967495715948
55101,moderado,724,738,22693.61,Indie FIC FIA,17335646000122.0,Renda Variável,20,4,0.2,140192.967495715948
55101,moderado,725,826,4875.34,Western Asset US Index 500 FIM,17453850000148.0,Internacional,13,7,0.15,140192.967495715948
55101,moderado,726,612,7338.23,Trend High Yield Americano FIM,37396932000105.0,Internacional,13,7,0.15,140192.967495715948
58230,moderado-conservador,728,701,328.11,Trend DI FIC FIRF Simples,45278833000157.0,Renda Fixa Pós-Fixada,16,1,0.46,56792042.9037547091000262
58230,moderado-conservador,729,624,56924.84,XP Special Opportunities FIP Classe A - Trend PE VIII FIC FIRF Simples,,Alternativos,17,6,0,56792042.9037547091000262
58230,moderado-conservador,730,727,19303.88,XP Special Opportunities FIP Multiestratégia,43120744000152.0,Alternativos,17,6,0,56792042.9037547091000262
58230,moderado-conservador,731,655,24886.81,Headline XP VC 3 FIP Multiestratégia Classe A - Trend PE X,,Alternativos,17,6,0,56792042.9037547091000262
58230,moderado-conservador,732,577,50000.0,XP Crédito Agro - XPAG11,,Renda Variável,20,4,0.2,56792042.9037547091000262
58230,moderado-conservador,733,563,1943.62,Headline XP Venture Capital 3 Feeder 1 FIP Multiestratégia,44466443000148.0,Alternativos,17,6,0,56792042.9037547091000262
58230,moderado-conservador,734,589,3416.05,Aqua Capital PE Agro FIP Multiestratégia 7,44544223000195.0,Alternativos,17,6,0,56792042.9037547091000262
58230,moderado-conservador,735,778,27982.11,Aqua Capital PE Agro FIP Multiestratégia 7 Classe A - Trend,,Alternativos,17,6,0,56792042.9037547091000262
46744,moderado-agressivo,736,659,5514.18,Vinland RF Ativo Advisory LP FIC FI,34687441000125.0,Renda Fixa Pós-Fixada,16,1,0.46,9266.4328321336884333
46744,moderado-agressivo,738,723,4877.86,Ibiuna Credit FIC FIM CP,37310657000165.0,Renda Fixa Pós-Fixada,16,1,0.46,9266.4328321336884333
46744,moderado-agressivo,739,610,1103.32,Riza Lotus Plus Advisory FIC FIRF REF DI CP,43917493000131.0,Renda Fixa Pós-Fixada,16,1,0.46,9266.4328321336884333
46744,moderado-agressivo,740,701,103.78,Trend DI FIC FIRF Simples,45278833000157.0,Renda Fixa Pós-Fixada,16,1,0.46,9266.4328321336884333
46744,moderado-agressivo,741,671,1127.73,ARX Elbrus Advisory FIC INFRA RF,32319627000104.0,Renda Fixa Inflação,14,2,0.24,9266.4328321336884333
46744,moderado-agressivo,742,816,1010.05,Capitânia INFRA 90 FIC INFRA RF CP,26605199000175.0,Renda Fixa Inflação,14,2,0.24,9266.4328321336884333
46744,moderado-agressivo,743,599,520.02,Giant Darius Advisory FIC FIM,41075713000100.0,Multimercado,15,5,0.09,9266.4328321336884333
46744,moderado-agressivo,744,570,992.14,Absolute Hedge FIC FIM,18860059000115.0,Multimercado,15,5,0.09,9266.4328321336884333
46744,moderado-agressivo,745,792,1084.99,Kinea Atlas II FIM,29762315000158.0,Multimercado,15,5,0.09,9266.4328321336884333
46744,moderado-agressivo,746,808,684.01,Kadima II FIC FIM,9441308000147.0,Multimercado,15,5,0.09,9266.4328321336884333
46744,moderado-agressivo,747,637,2817.81,Occam Retorno Absoluto Advisory FIC FIM,34475592000110.0,Multimercado,15,5,0.09,9266.4328321336884333
46744,moderado-agressivo,748,775,2005.84,Vinland Macro Advisory FIC FIM,28581109000189.0,Multimercado,15,5,0.09,9266.4328321336884333
46744,moderado-agressivo,749,651,2458.49,ARX Income FIC FIA,3168062000103.0,Renda Variável,20,4,0.2,9266.4328321336884333
46744,moderado-agressivo,750,612,1435.28,Trend High Yield Americano FIM,37396932000105.0,Internacional,13,7,0.15,9266.4328321336884333
47497,moderado-conservador,751,629,14693.56,AZ Quest Termo FIRF,22681798000117.0,Renda Fixa Pós-Fixada,16,1,0.46,65864.780259363295244672
47497,moderado-conservador,753,723,27028.37,Ibiuna Credit FIC FIM CP,37310657000165.0,Renda Fixa Pós-Fixada,16,1,0.46,65864.780259363295244672
47497,moderado-conservador,754,610,6710.22,Riza Lotus Plus Advisory FIC FIRF REF DI CP,43917493000131.0,Renda Fixa Pós-Fixada,16,1,0.46,65864.780259363295244672
47497,moderado-conservador,755,671,34501.07,ARX Elbrus Advisory FIC INFRA RF,32319627000104.0,Renda Fixa Inflação,14,2,0.24,65864.780259363295244672
47497,moderado-conservador,756,770,12231.32,Ibiuna Hedge ST Advisory FIC FIM,30493349000173.0,Multimercado,15,5,0.09,65864.780259363295244672
47497,moderado-conservador,757,628,28267.23,XP Macro Plus FIC FIM,30068713000158.0,Multimercado,15,5,0.09,65864.780259363295244672
47497,moderado-conservador,758,651,2252.72,ARX Income FIC FIA,3168062000103.0,Renda Variável,20,4,0.2,65864.780259363295244672
47497,moderado-conservador,759,826,1109.13,Western Asset US Index 500 FIM,17453850000148.0,Internacional,13,7,0.15,65864.780259363295244672
47497,moderado-conservador,760,612,4674.05,Trend High Yield Americano FIM,37396932000105.0,Internacional,13,7,0.15,65864.780259363295244672
47497,moderado-conservador,761,825,25000.0,VBI Crédito - AVBI11,,Renda Variável,20,4,0.2,65864.780259363295244672
72740,moderado,763,720,226529.57,Trend Pós-Fixado FIC FIRF Simples,26559284000144.0,Renda Fixa Pós-Fixada,16,1,0.46,999180337.012444297172
49232,moderado-conservador,766,725,69335.74,Giant Zarathustra Advisory FIC FIM,35940266000107.0,Multimercado,15,5,0.09,362028.97962802375
32263,moderado-conservador,767,801,230612.59,Riza Lotus FIRF Referenciado DI CP,36498670000127.0,Renda Fixa Pós-Fixada,16,1,0.46,267181662.6080263996581187
32263,moderado-conservador,768,749,393472.53,Riza Meyenii 360 Advisory FIC FIM CP,43508091000183.0,Renda Fixa Pós-Fixada,16,1,0.46,267181662.6080263996581187
32263,moderado-conservador,769,759,208474.52,AF Invest FIRF CP Geraes,9720734000110.0,Renda Fixa Pós-Fixada,16,1,0.46,267181662.6080263996581187
32263,moderado-conservador,771,659,114037.55,Vinland RF Ativo Advisory LP FIC FI,34687441000125.0,Renda Fixa Pós-Fixada,16,1,0.46,267181662.6080263996581187
32263,moderado-conservador,772,701,487.06,Trend DI FIC FIRF Simples,45278833000157.0,Renda Fixa Pós-Fixada,16,1,0.46,267181662.6080263996581187
32263,moderado-conservador,773,775,25931.89,Vinland Macro Advisory FIC FIM,28581109000189.0,Multimercado,15,5,0.09,267181662.6080263996581187
32263,moderado-conservador,774,639,25957.06,Absolute Vertex Advisory FIC FIM,28947266000165.0,Multimercado,15,5,0.09,267181662.6080263996581187
32263,moderado-conservador,775,637,36027.35,Occam Retorno Absoluto Advisory FIC FIM,34475592000110.0,Multimercado,15,5,0.09,267181662.6080263996581187
32263,moderado-conservador,776,725,15090.32,Giant Zarathustra Advisory FIC FIM,35940266000107.0,Multimercado,15,5,0.09,267181662.6080263996581187
32263,moderado-conservador,777,651,1870.32,ARX Income FIC FIA,3168062000103.0,Renda Variável,20,4,0.2,267181662.6080263996581187
32263,moderado-conservador,778,826,3955.06,Western Asset US Index 500 FIM,17453850000148.0,Internacional,13,7,0.15,267181662.6080263996581187
32263,moderado-conservador,779,579,16161.14,PIMCO Income FIC FIM IE,23729512000199.0,Internacional,13,7,0.15,267181662.6080263996581187
45848,moderado,780,659,3455.55,Vinland RF Ativo Advisory LP FIC FI,34687441000125.0,Renda Fixa Pós-Fixada,16,1,0.46,13336.0771385254067148
45848,moderado,782,701,117.72,Trend DI FIC FIRF Simples,45278833000157.0,Renda Fixa Pós-Fixada,16,1,0.46,13336.0771385254067148
45848,moderado,783,785,4161.47,Trend Pré-Fixado FIRF LP,31145851000156.0,Renda Fixa Pré-Fixada,18,3,0.11,13336.0771385254067148
45848,moderado,784,671,5604.31,ARX Elbrus Advisory FIC INFRA RF,32319627000104.0,Renda Fixa Inflação,14,2,0.24,13336.0771385254067148
45848,moderado,785,711,3404.41,Claritas Long Short Advisory FIC FIM,27944406000189.0,Multimercado,15,5,0.09,13336.0771385254067148
45848,moderado,786,708,5845.35,Ibiuna Long Short Advisory FIC FIM,29732926000153.0,Multimercado,15,5,0.09,13336.0771385254067148
45848,moderado,788,715,4468.87,Occam Equity Hedge Advisory FIC FIM,38267707000131.0,Multimercado,15,5,0.09,13336.0771385254067148
45848,moderado,789,792,4497.33,Kinea Atlas II FIM,29762315000158.0,Multimercado,15,5,0.09,13336.0771385254067148
45848,moderado,790,599,3263.32,Giant Darius Advisory FIC FIM,41075713000100.0,Multimercado,15,5,0.09,13336.0771385254067148
76497,moderado,791,607,10665.14,XP Corporate Light FIRF CP LP,11046179000134.0,Renda Fixa Pós-Fixada,16,1,0.46,27564.5903127600808171
76497,moderado,792,702,122.9,Trend Investback FIC FIRF Simples,,Renda Fixa Pós-Fixada,16,1,0.46,27564.5903127600808171
76497,moderado,794,557,3196.91,Quantitas FIC FIM Mallorca,22918359000185.0,Multimercado,15,5,0.09,27564.5903127600808171
76497,moderado,795,591,3615.88,Kapitalo K10 Advisory FIC FIM,33520968000106.0,Multimercado,15,5,0.09,27564.5903127600808171
76497,moderado,797,635,6692.05,Western Asset FIA BDR Nivel I,19831126000136.0,Internacional,13,7,0.15,27564.5903127600808171
46168,moderado,798,701,390.17,Trend DI FIC FIRF Simples,45278833000157.0,Renda Fixa Pós-Fixada,16,1,0.46,66981.38305257141262
46168,moderado,800,659,10163.49,Vinland RF Ativo Advisory LP FIC FI,34687441000125.0,Renda Fixa Pós-Fixada,16,1,0.46,66981.38305257141262
46168,moderado,801,787,64340.67,CLUBE DE INVESTIMENTO ATLANTIS,34432749000120.0,Renda Variável,20,4,0.2,66981.38305257141262
56165,moderado-agressivo,802,659,33509.3,Vinland RF Ativo Advisory LP FIC FI,34687441000125.0,Renda Fixa Pós-Fixada,16,1,0.46,100573.1499574582176167
56165,moderado-agressivo,803,714,25656.42,XP Debêntures Incentivadas Hedge CP FIC FIM LP,26803233000116.0,Renda Fixa Pós-Fixada,16,1,0.46,100573.1499574582176167
56165,moderado-agressivo,805,610,3165.81,Riza Lotus Plus Advisory FIC FIRF REF DI CP,43917493000131.0,Renda Fixa Pós-Fixada,16,1,0.46,100573.1499574582176167
56165,moderado-agressivo,806,568,577.96,Riza Daikon Advisory FIC FIM CP,36436794000188.0,Renda Fixa Pós-Fixada,16,1,0.46,100573.1499574582176167
56165,moderado-agressivo,807,702,68.88,Trend Investback FIC FIRF Simples,,Renda Fixa Pós-Fixada,16,1,0.46,100573.1499574582176167
56165,moderado-agressivo,808,785,1681.48,Trend Pré-Fixado FIRF LP,31145851000156.0,Renda Fixa Pré-Fixada,18,3,0.11,100573.1499574582176167
56165,moderado-agressivo,809,671,12570.8,ARX Elbrus Advisory FIC INFRA RF,32319627000104.0,Renda Fixa Inflação,14,2,0.24,100573.1499574582176167
56165,moderado-agressivo,810,711,9023.57,Claritas Long Short Advisory FIC FIM,27944406000189.0,Multimercado,15,5,0.09,100573.1499574582176167
56165,moderado-agressivo,811,708,18945.74,Ibiuna Long Short Advisory FIC FIM,29732926000153.0,Multimercado,15,5,0.09,100573.1499574582176167
56165,moderado-agressivo,812,638,13458.61,Gávea Macro Advisory FIC FIM,32240637000141.0,Multimercado,15,5,0.09,100573.1499574582176167
56165,moderado-agressivo,813,786,17695.01,Kapitalo Kappa Advisory FIC FIM,26978199000110.0,Multimercado,15,5,0.09,100573.1499574582176167
56165,moderado-agressivo,814,637,14782.03,Occam Retorno Absoluto Advisory FIC FIM,34475592000110.0,Multimercado,15,5,0.09,100573.1499574582176167
56165,moderado-agressivo,815,725,9803.8,Giant Zarathustra Advisory FIC FIM,35940266000107.0,Multimercado,15,5,0.09,100573.1499574582176167
56165,moderado-agressivo,816,691,6345.6,Giant Sigma Advisory FIC FIM,34186116000189.0,Multimercado,15,5,0.09,100573.1499574582176167
56165,moderado-agressivo,817,775,1995.1,Vinland Macro Advisory FIC FIM,28581109000189.0,Multimercado,15,5,0.09,100573.1499574582176167
56165,moderado-agressivo,818,738,12238.51,Indie FIC FIA,17335646000122.0,Renda Variável,20,4,0.2,100573.1499574582176167
56165,moderado-agressivo,819,826,5112.06,Western Asset US Index 500 FIM,17453850000148.0,Internacional,13,7,0.15,100573.1499574582176167
56165,moderado-agressivo,820,612,7532.75,Trend High Yield Americano FIM,37396932000105.0,Internacional,13,7,0.15,100573.1499574582176167
82356,conservador,822,659,12355.04,Vinland RF Ativo Advisory LP FIC FI,34687441000125.0,Renda Fixa Pós-Fixada,16,1,0.46,48387.2719700550072249
82356,conservador,823,714,11528.58,XP Debêntures Incentivadas Hedge CP FIC FIM LP,26803233000116.0,Renda Fixa Pós-Fixada,16,1,0.46,48387.2719700550072249
82356,conservador,824,701,280.52,Trend DI FIC FIRF Simples,45278833000157.0,Renda Fixa Pós-Fixada,16,1,0.46,48387.2719700550072249
82356,conservador,826,587,13264.18,Western Asset RF Ativo FI,3499367000190.0,Renda Fixa Pós-Fixada,16,1,0.46,48387.2719700550072249
82356,conservador,827,671,10433.69,ARX Elbrus Advisory FIC INFRA RF,32319627000104.0,Renda Fixa Inflação,14,2,0.24,48387.2719700550072249
82356,conservador,828,637,15105.02,Occam Retorno Absoluto Advisory FIC FIM,34475592000110.0,Multimercado,15,5,0.09,48387.2719700550072249
82356,conservador,829,599,4129.57,Giant Darius Advisory FIC FIM,41075713000100.0,Multimercado,15,5,0.09,48387.2719700550072249
82356,conservador,830,638,13392.84,Gávea Macro Advisory FIC FIM,32240637000141.0,Multimercado,15,5,0.09,48387.2719700550072249
82356,conservador,831,708,19670.46,Ibiuna Long Short Advisory FIC FIM,29732926000153.0,Multimercado,15,5,0.09,48387.2719700550072249
82356,conservador,832,591,4514.51,Kapitalo K10 Advisory FIC FIM,33520968000106.0,Multimercado,15,5,0.09,48387.2719700550072249
82356,conservador,833,635,8244.22,Western Asset FIA BDR Nivel I,19831126000136.0,Internacional,13,7,0.15,48387.2719700550072249
20921,agressivo,835,641,20237.32,Iridium Apollo FIC FIRF CP LP,26978438000132.0,Renda Fixa Pós-Fixada,16,1,0.46,20284.52179342663231915
32449,moderado-conservador,838,642,129366.0,Capitânia Premium 45 FIC FIRC CP LP,20146294000171.0,Renda Fixa Pós-Fixada,16,1,0.46,381331.1151648059753436
32449,moderado-conservador,839,723,129336.13,Ibiuna Credit FIC FIM CP,37310657000165.0,Renda Fixa Pós-Fixada,16,1,0.46,381331.1151648059753436
32449,moderado-conservador,840,610,32394.08,Riza Lotus Plus Advisory FIC FIRF REF DI CP,43917493000131.0,Renda Fixa Pós-Fixada,16,1,0.46,381331.1151648059753436
32449,moderado-conservador,841,659,323988.7,Vinland RF Ativo Advisory LP FIC FI,34687441000125.0,Renda Fixa Pós-Fixada,16,1,0.46,381331.1151648059753436
32449,moderado-conservador,842,611,32283.4,Selection RF High Yield FIC FIM CP Longo Prazo,34957512000162.0,Renda Fixa Pós-Fixada,16,1,0.46,381331.1151648059753436
32449,moderado-conservador,843,816,12524.64,Capitânia INFRA 90 FIC INFRA RF CP,26605199000175.0,Renda Fixa Inflação,14,2,0.24,381331.1151648059753436
32449,moderado-conservador,844,775,32293.99,Vinland Macro Advisory FIC FIM,28581109000189.0,Multimercado,15,5,0.09,381331.1151648059753436
32449,moderado-conservador,845,637,22116.24,Occam Retorno Absoluto Advisory FIC FIM,34475592000110.0,Multimercado,15,5,0.09,381331.1151648059753436
32449,moderado-conservador,846,808,9254.25,Kadima II FIC FIM,9441308000147.0,Multimercado,15,5,0.09,381331.1151648059753436
32449,moderado-conservador,847,787,47406.04,CLUBE DE INVESTIMENTO ATLANTIS,34432749000120.0,Renda Variável,20,4,0.2,381331.1151648059753436
32449,moderado-conservador,848,799,4653.03,Wellington Ventura Advisory FIA IE,35556444000192.0,Internacional,13,7,0.15,381331.1151648059753436
32449,moderado-conservador,849,579,17834.2,PIMCO Income FIC FIM IE,23729512000199.0,Internacional,13,7,0.15,381331.1151648059753436
6777,moderado-conservador,853,690,58033.74,LFT,,Renda Fixa Pós-Fixada,16,1,0.46,231794.1921667687398789
6777,moderado-conservador,854,690,11442.41,LFT,,Renda Fixa Pós-Fixada,16,1,0.46,231794.1921667687398789
6777,moderado-conservador,855,690,17294.94,LFT,,Renda Fixa Pós-Fixada,16,1,0.46,231794.1921667687398789
6777,moderado-conservador,856,601,10327.25,NTN-B,,Renda Fixa Inflação,14,2,0.24,231794.1921667687398789
60648,,857,595,51108.31,LTN,,Renda Fixa Pré-Fixada,18,3,0.11,64999687.79615991238861315
60648,,858,690,59162.46,LFT,,Renda Fixa Pós-Fixada,16,1,0.46,64999687.79615991238861315
60648,,859,761,17681.69,NTNB PRINC,,Renda Fixa Inflação,14,2,0.24,64999687.79615991238861315
60648,,860,761,19365.47,NTNB PRINC,,Renda Fixa Inflação,14,2,0.24,64999687.79615991238861315
46744,moderado-agressivo,861,595,1332.05,LTN,,Renda Fixa Pré-Fixada,18,3,0.11,9266.4328321336884333
55836,moderado,862,813,-59.64,VIVT3,,Renda Variável,20,4,0.2,132401508.97846384512637637
18073,moderado-conservador,863,656,258.38,SAPR4,,Renda Variável,20,4,0.2,51423774.5900823556229462
18073,moderado-conservador,864,656,143.11,SAPR4,,Renda Variável,20,4,0.2,51423774.5900823556229462
6777,moderado-conservador,865,777,2.72,CMIG4,,Renda Variável,20,4,0.2,231794.1921667687398789
6777,moderado-conservador,866,777,2.72,CMIG4,,Renda Variável,20,4,0.2,231794.1921667687398789
60648,,867,697,59.84,BBAS3,,Renda Variável,20,4,0.2,64999687.79615991238861315
60648,,868,707,12.42,BBDC4,,Renda Variável,20,4,0.2,64999687.79615991238861315
60648,,869,632,7.14,ITSA4,,Renda Variável,20,4,0.2,64999687.79615991238861315
60648,,870,698,8.44,B3SA3,,Renda Variável,20,4,0.2,64999687.79615991238861315
60648,,871,625,10.88,CMIN3,,Renda Variável,20,4,0.2,64999687.79615991238861315
60648,,872,777,51.87,CMIG4,,Renda Variável,20,4,0.2,64999687.79615991238861315
60648,,873,777,47.45,CMIG4,,Renda Variável,20,4,0.2,64999687.79615991238861315
60648,,874,777,40.1,CMIG4,,Renda Variável,20,4,0.2,64999687.79615991238861315
60648,,875,763,0.45,WEGE3,,Renda Variável,20,4,0.2,64999687.79615991238861315
60648,,876,632,23.45,ITSA4,,Renda Variável,20,4,0.2,64999687.79615991238861315
60648,,877,632,13.64,ITSA4,,Renda Variável,20,4,0.2,64999687.79615991238861315
60648,,878,632,15.66,ITSA4,,Renda Variável,20,4,0.2,64999687.79615991238861315
60648,,879,777,47.45,CMIG4,,Renda Variável,20,4,0.2,64999687.79615991238861315
60648,,880,632,13.52,ITSA4,,Renda Variável,20,4,0.2,64999687.79615991238861315
60648,,881,777,51.87,CMIG4,,Renda Variável,20,4,0.2,64999687.79615991238861315
60648,,882,777,40.1,CMIG4,,Renda Variável,20,4,0.2,64999687.79615991238861315
60648,,883,744,11.62,BRAP4,,Renda Variável,20,4,0.2,64999687.79615991238861315
58230,moderado-conservador,884,813,-9.28,VIVT3,,Renda Variável,20,4,0.2,56792042.9037547091000262
58230,moderado-conservador,885,813,-63.45,VIVT3,,Renda Variável,20,4,0.2,56792042.9037547091000262
58230,moderado-conservador,886,813,-38.09,VIVT3,,Renda Variável,20,4,0.2,56792042.9037547091000262
58230,moderado-conservador,887,813,-2.89,VIVT3,,Renda Variável,20,4,0.2,56792042.9037547091000262
58230,moderado-conservador,888,813,-122.11,VIVT3,,Renda Variável,20,4,0.2,56792042.9037547091000262
58230,moderado-conservador,889,813,-76.39,VIVT3,,Renda Variável,20,4,0.2,56792042.9037547091000262
58230,moderado-conservador,890,813,-5.81,VIVT3,,Renda Variável,20,4,0.2,56792042.9037547091000262
58230,moderado-conservador,891,813,-4.82,VIVT3,,Renda Variável,20,4,0.2,56792042.9037547091000262
46744,moderado-agressivo,892,665,10.12,MYPK3,,Renda Variável,20,4,0.2,9266.4328321336884333
46744,moderado-agressivo,893,632,2.59,ITSA4,,Renda Variável,20,4,0.2,9266.4328321336884333
46744,moderado-agressivo,894,719,8.09,TUPY3,,Renda Variável,20,4,0.2,9266.4328321336884333
46744,moderado-agressivo,895,632,5.73,ITSA4,,Renda Variável,20,4,0.2,9266.4328321336884333
46744,moderado-agressivo,896,632,4.95,ITSA4,,Renda Variável,20,4,0.2,9266.4328321336884333
46744,moderado-agressivo,897,791,61.62,ENBR3,,Renda Variável,20,4,0.2,9266.4328321336884333
46744,moderado-agressivo,898,815,3.54,EGIE3,,Renda Variável,20,4,0.2,9266.4328321336884333
72740,moderado,899,817,358.71,MOVI3,,Renda Variável,20,4,0.2,999180337.012444297172
72740,moderado,900,813,-182.48,VIVT3,,Renda Variável,20,4,0.2,999180337.012444297172
72740,moderado,901,813,-109.54,VIVT3,,Renda Variável,20,4,0.2,999180337.012444297172
72740,moderado,902,745,869.41,SAPR11,,Renda Variável,20,4,0.2,999180337.012444297172
56165,moderado-agressivo,903,771,2.04,RADL3,,Renda Variável,20,4,0.2,100573.1499574582176167
56165,moderado-agressivo,904,771,1.85,RADL3,,Renda Variável,20,4,0.2,100573.1499574582176167
56165,moderado-agressivo,905,687,2.06,ITSA3,,Renda Variável,20,4,0.2,100573.1499574582176167
56165,moderado-agressivo,906,687,2.03,ITSA3,,Renda Variável,20,4,0.2,100573.1499574582176167
56165,moderado-agressivo,907,687,2.35,ITSA3,,Renda Variável,20,4,0.2,100573.1499574582176167
56165,moderado-agressivo,908,815,5.0,EGIE3,,Renda Variável,20,4,0.2,100573.1499574582176167
73707,moderado-agressivo,909,697,5.08,BBAS3,,Renda Variável,20,4,0.2,2517.5595833465391887
73707,moderado-agressivo,910,569,0.61,ITUB4,,Renda Variável,20,4,0.2,2517.5595833465391887
73707,moderado-agressivo,911,567,9.03,TRPL4,,Renda Variável,20,4,0.2,2517.5595833465391887
73707,moderado-agressivo,912,569,8.91,ITUB4,,Renda Variável,20,4,0.2,2517.5595833465391887
73707,moderado-agressivo,913,815,3.75,EGIE3,,Renda Variável,20,4,0.2,2517.5595833465391887
20921,agressivo,914,569,0.44,ITUB4,,Renda Variável,20,4,0.2,20284.52179342663231915
20921,agressivo,915,569,6.01,ITUB4,,Renda Variável,20,4,0.2,20284.52179342663231915
55836,moderado,916,767,27031.2,BOVA11,,Renda Variável,20,4,0.2,132401508.97846384512637637
55836,moderado,917,634,36592.0,IVVB11,,Internacional,13,7,0.15,132401508.97846384512637637
18073,moderado-conservador,918,580,8316.0,HASH11,,Internacional,13,7,0.15,51423774.5900823556229462
18073,moderado-conservador,919,743,181.9,OIBR3,,Renda Variável,20,4,0.2,51423774.5900823556229462
18073,moderado-conservador,920,706,2429.04,RDOR3,,Renda Variável,20,4,0.2,51423774.5900823556229462
18073,moderado-conservador,921,656,5632.0,SAPR4,,Renda Variável,20,4,0.2,51423774.5900823556229462
60648,,922,694,413.0,AERI3,,Renda Variável,20,4,0.2,64999687.79615991238861315
60648,,923,827,3234.69,AMZO34,,Internacional,13,7,0.15,64999687.79615991238861315
60648,,924,790,4030.56,AURA33,,Internacional,13,7,0.15,64999687.79615991238861315
60648,,925,566,6747.3,AZUL4,,Renda Variável,20,4,0.2,64999687.79615991238861315
60648,,926,698,2435.7,B3SA3,,Renda Variável,20,4,0.2,64999687.79615991238861315
60648,,927,697,7522.0,BBAS3,,Renda Variável,20,4,0.2,64999687.79615991238861315
60648,,928,707,9963.8,BBDC4,,Renda Variável,20,4,0.2,64999687.79615991238861315
60648,,929,767,19308.0,BOVA11,,Renda Variável,20,4,0.2,64999687.79615991238861315
60648,,930,773,1882.0,BPAC11,,Renda Variável,20,4,0.2,64999687.79615991238861315
60648,,931,744,2056.8,BRAP4,,Renda Variável,20,4,0.2,64999687.79615991238861315
60648,,932,777,5590.33,CMIG4,,Renda Variável,20,4,0.2,64999687.79615991238861315
60648,,933,625,3592.0,CMIN3,,Renda Variável,20,4,0.2,64999687.79615991238861315
60648,,934,833,1422.0,CSAN3,,Renda Variável,20,4,0.2,64999687.79615991238861315
60648,,935,606,51359.0,ELET3,,Renda Variável,20,4,0.2,64999687.79615991238861315
60648,,936,670,12179.7,ELET6,,Renda Variável,20,4,0.2,64999687.79615991238861315
60648,,937,632,2834.58,ITSA4,,Renda Variável,20,4,0.2,64999687.79615991238861315
60648,,938,782,10053.4,MGLU3,,Renda Variável,20,4,0.2,64999687.79615991238861315
60648,,939,733,1421.25,NUBR33,,Renda Variável,20,4,0.2,64999687.79615991238861315
60648,,940,578,1172.25,PETR3,,Renda Variável,20,4,0.2,64999687.79615991238861315
60648,,941,729,30134.0,PETR4,,Renda Variável,20,4,0.2,64999687.79615991238861315
60648,,942,700,1897.2,PRIO3,,Renda Variável,20,4,0.2,64999687.79615991238861315
60648,,943,581,1757.0,RAIZ4,,Renda Variável,20,4,0.2,64999687.79615991238861315
60648,,944,753,11708.31,RRRP3,,Renda Variável,20,4,0.2,64999687.79615991238861315
60648,,945,605,8661.0,SMAL11,,Renda Variável,20,4,0.2,64999687.79615991238861315
60648,,946,805,1324.0,USIM5,,Renda Variável,20,4,0.2,64999687.79615991238861315
60648,,947,712,16886.1,VALE3,,Renda Variável,20,4,0.2,64999687.79615991238861315
60648,,948,748,5533.31,VIIA3,,Renda Variável,20,4,0.2,64999687.79615991238861315
60648,,949,763,411.9,WEGE3,,Renda Variável,20,4,0.2,64999687.79615991238861315
46168,moderado,950,634,10977.6,IVVB11,,Internacional,13,7,0.15,66981.38305257141262
46168,moderado,951,774,4595.0,NASD11,,Internacional,13,7,0.15,66981.38305257141262
73707,moderado-agressivo,952,669,331.43,AURE3,,Renda Variável,20,4,0.2,2517.5595833465391887
73707,moderado-agressivo,953,697,639.37,BBAS3,,Renda Variável,20,4,0.2,2517.5595833465391887
73707,moderado-agressivo,954,750,1323.08,CPLE6,,Renda Variável,20,4,0.2,2517.5595833465391887
73707,moderado-agressivo,955,815,1034.54,EGIE3,,Renda Variável,20,4,0.2,2517.5595833465391887
73707,moderado-agressivo,956,569,944.8,ITUB4,,Renda Variável,20,4,0.2,2517.5595833465391887
73707,moderado-agressivo,957,662,927.16,KLBN11,,Renda Variável,20,4,0.2,2517.5595833465391887
73707,moderado-agressivo,958,765,1061.57,TIMS3,,Renda Variável,20,4,0.2,2517.5595833465391887
73707,moderado-agressivo,959,567,327.15,TRPL4,,Renda Variável,20,4,0.2,2517.5595833465391887
20921,agressivo,960,565,385.5,ASAI3,,Renda Variável,20,4,0.2,20284.52179342663231915
20921,agressivo,961,768,486.72,EQTL3,,Renda Variável,20,4,0.2,20284.52179342663231915
20921,agressivo,962,617,405.6,HYPE3,,Renda Variável,20,4,0.2,20284.52179342663231915
20921,agressivo,963,602,465.84,IGTI11,,Renda Variável,20,4,0.2,20284.52179342663231915
20921,agressivo,964,569,643.14,ITUB4,,Renda Variável,20,4,0.2,20284.52179342663231915
20921,agressivo,965,757,395.68,SMTO3,,Renda Variável,20,4,0.2,20284.52179342663231915
20921,agressivo,966,644,455.27,SOMA3,,Renda Variável,20,4,0.2,20284.52179342663231915
20921,agressivo,967,812,380.97,SUZB3,,Renda Variável,20,4,0.2,20284.52179342663231915
20921,agressivo,968,712,159.22,VALE3,,Renda Variável,20,4,0.2,20284.52179342663231915
20921,agressivo,969,679,466.9,VAMO3,,Renda Variável,20,4,0.2,20284.52179342663231915
55836,moderado,970,597,138260.77,Capitânia Prev Advisory Icatu FIRF CP,26498249000162.0,Renda Fixa Pós-Fixada,16,1,0.46,132401508.97846384512637637
18073,moderado-conservador,971,705,75943.7,Vinland RF Ativo XP Seg Prev FICFI,41866348000143.0,Renda Fixa Pós-Fixada,16,1,0.46,51423774.5900823556229462
18073,moderado-conservador,972,653,93394.95,ARX SulAmérica K2 Inflação Curta Prev FIC FIM CP,33701805000111.0,Renda Fixa Inflação,14,2,0.24,51423774.5900823556229462
18073,moderado-conservador,973,658,93719.99,Capitânia Prev Advisory XP Seg FIC FIRF CP,32319658000157.0,Renda Fixa Pós-Fixada,16,1,0.46,51423774.5900823556229462
18073,moderado-conservador,974,776,64216.25,Vinland Macro Advisory 2 XP Seg Prev FIC FIM,42718410000112.0,Multimercado,15,5,0.09,51423774.5900823556229462
51239,moderado,975,658,1684212.81,Capitânia Prev Advisory XP Seg FIC FIRF CP,32319658000157.0,Renda Fixa Pós-Fixada,16,1,0.46,2006283.7530884064854888
51239,moderado,976,658,874864.13,Capitânia Prev Advisory XP Seg FIC FIRF CP,32319658000157.0,Renda Fixa Pós-Fixada,16,1,0.46,2006283.7530884064854888
51239,moderado,977,739,134601.03,Kinea Xtr XP Seg Prev FIC FIM,32864403000175.0,Multimercado,15,5,0.09,2006283.7530884064854888
51239,moderado,978,654,95734.39,Kadima XP Seg Prev FIE FIC FIM,30898110000183.0,Multimercado,15,5,0.09,2006283.7530884064854888
51239,moderado,979,758,598370.55,XP Horizonte XP Seg FIC FIRF Prev,32064950000176.0,Renda Fixa Pós-Fixada,16,1,0.46,2006283.7530884064854888
51239,moderado,980,751,194647.42,Occam XP Seg Prev FIC FIM,32312361000160.0,Multimercado,15,5,0.09,2006283.7530884064854888
49232,moderado-conservador,981,658,248911.34,Capitânia Prev Advisory XP Seg FIC FIRF CP,32319658000157.0,Renda Fixa Pós-Fixada,16,1,0.46,362028.97962802375
76497,moderado,982,597,24019.06,Capitânia Prev Advisory Icatu FIRF CP,26498249000162.0,Renda Fixa Pós-Fixada,16,1,0.46,27564.5903127600808171
65547,moderado,983,728,30607.4134,CITI iSTOXX Ações Globais - Jump Note Com Retorno Mínimo - 5 anos - 31.01.2020,,Alternativos,17,6,0,57338724.96373227033516
65547,moderado,984,762,29000.0,BNP Índice Fundos Internacionais Morningstar - Entrada Otimizada 5y - 31.01.2020,,Alternativos,17,6,0,57338724.96373227033516
65547,moderado,985,685,121901.2289,MS MAP Trend - Bidirecional Alavancado - 5 anos - 30.04.2020,,Alternativos,17,6,0,57338724.96373227033516
65547,moderado,986,780,30780.8918,XP Ouro: Dobro ou Alta Limitada - 5 anos - 29.06.2020,,Alternativos,17,6,0,57338724.96373227033516
65547,moderado,987,718,56791126,XP Man Fundo Multimercado - IPCA + Alta Ilimitada - 5y - 29.07.2021,,Alternativos,17,6,0,57338724.96373227033516
65547,moderado,988,666,550471.6793,XP 1x1 MAN Multimercado - IPCA + Alta Ilimitada - 5y - 28.04.2022,,Alternativos,17,6,0,57338724.96373227033516
55836,moderado,989,781,21420.2384,CITI iSTOXX Ações Globais - Jump Note Com Retorno Mínimo - 5 anos - 17.10.2019,,Alternativos,17,6,0,132401508.97846384512637637
55836,moderado,990,704,37000.0,BNP Índice Fundos Internacionais Morningstar - Entrada Otimizada 5y - 02.12.2019,,Alternativos,17,6,0,132401508.97846384512637637
55836,moderado,991,618,18076.3213,CITI iSTOXX Ações Globais - Jump Note Com Retorno Mínimo - 5 anos - 06.01.2020,,Alternativos,17,6,0,132401508.97846384512637637
55836,moderado,992,823,51405.7374,GS Índice de Commodities Long & Short - 5y- Taxa Fixa + Alavancagem - 06.01.2020,,Alternativos,17,6,0,132401508.97846384512637637
55836,moderado,993,585,45173.0502,"CS Saúde Digital - Taxa Fixa + Alta - 5,5 anos - 26.02.2021",,Alternativos,17,6,0,132401508.97846384512637637
18073,moderado-conservador,994,576,20000.0,MS Índice Morgan Stanley Ibovespa TOP 10 - 5 anos - 19.02.2019,,Alternativos,17,6,0,51423774.5900823556229462
18073,moderado-conservador,995,764,35995.0673,XP Bolsa Americana - Taxa Fixa ou Alta Ilimitada - 5y - 28.07.2022,,Alternativos,17,6,0,51423774.5900823556229462
7826,moderado-conservador,996,686,9000.0,BNP Índice Fundos Internacionais Morningstar - Entrada Otimizada 5y - 10.02.2020,,Alternativos,17,6,0,54651.1290499655540282
7826,moderado-conservador,997,674,28600.0,XP Autocall Metaverso - Obs. SEM - 5y - 23.02.2022,,Alternativos,17,6,0,54651.1290499655540282
6777,moderado-conservador,998,713,10000.0,"MS Morgan Stanley Global Opportunity: Alta Alavancada - 3,5 anos - 16.10.2020",,Alternativos,17,6,0,231794.1921667687398789
6777,moderado-conservador,999,561,22197.5378,XP Bolsa Americana - Taxa Fixa ou Alta Ilimitada - 5y - 12.08.2022,,Alternativos,17,6,0,231794.1921667687398789
60648,,1000,598,10240.3254,XP Dólar - Bidirecional - 2y - 28.09.2022,,Alternativos,17,6,0,64999687.79615991238861315
55101,moderado,1001,764,120872.9465,XP Bolsa Americana - Taxa Fixa ou Alta Ilimitada - 5y - 28.07.2022,,Alternativos,17,6,0,140192.967495715948
58230,moderado-conservador,1002,798,37262.3997,CITI iSTOXX Ações Globais - Jump Note Com Retorno Mínimo - 5 anos - 02.12.2019,,Alternativos,17,6,0,56792042.9037547091000262
58230,moderado-conservador,1003,704,35000.0,BNP Índice Fundos Internacionais Morningstar - Entrada Otimizada 5y - 02.12.2019,,Alternativos,17,6,0,56792042.9037547091000262
58230,moderado-conservador,1004,728,15831.4207,CITI iSTOXX Ações Globais - Jump Note Com Retorno Mínimo - 5 anos - 31.01.2020,,Alternativos,17,6,0,56792042.9037547091000262
58230,moderado-conservador,1005,784,21184.2932,MS MAP Trend - Bidirecional Alavancado - 5 anos - 31.01.2020,,Alternativos,17,6,0,56792042.9037547091000262
58230,moderado-conservador,1006,762,15000.0,BNP Índice Fundos Internacionais Morningstar - Entrada Otimizada 5y - 31.01.2020,,Alternativos,17,6,0,56792042.9037547091000262
58230,moderado-conservador,1007,643,32041.9536,"CS Saúde Digital - Taxa Fixa + Alta - 5,5 anos - 14.05.2021",,Alternativos,17,6,0,56792042.9037547091000262
58230,moderado-conservador,1008,718,56791126,XP Man Fundo Multimercado - IPCA + Alta Ilimitada - 5y - 29.07.2021,,Alternativos,17,6,0,56792042.9037547091000262
58230,moderado-conservador,1009,645,20456.2032,XP MAN Multimercado - IPCA + Alta Alavancada - 5y - 29.06.2022,,Alternativos,17,6,0,56792042.9037547091000262
47497,moderado-conservador,1010,716,11266.3573,XP Man Fundo Multimercado - IPCA + Alta Ilimitada - 5y - 20.08.2021,,Alternativos,17,6,0,65864.780259363295244672
72740,moderado,1011,674,300000.0,XP Autocall Metaverso - Obs. SEM - 5y - 23.02.2022,,Alternativos,17,6,0,999180337.012444297172
60648,,1012,721,2629.55,CPTS11,,Renda Variável,20,4,0.2,64999687.79615991238861315
60648,,1013,668,2742.08,RBRR11,,Renda Variável,20,4,0.2,64999687.79615991238861315
60648,,1014,661,955.0,VGIR11,,Renda Variável,20,4,0.2,64999687.79615991238861315
60648,,1015,822,2107.6,XPML11,,Renda Variável,20,4,0.2,64999687.79615991238861315
60648,,1016,810,5887.2,KNCR11,,Renda Variável,20,4,0.2,64999687.79615991238861315
60648,,1017,678,1667.52,LVBI11,,Renda Variável,20,4,0.2,64999687.79615991238861315
60648,,1018,699,1871.1,MCCI11,,Renda Variável,20,4,0.2,64999687.79615991238861315
60648,,1019,660,3691.2,HGRU11,,Renda Variável,20,4,0.2,64999687.79615991238861315
60648,,1020,586,5233.15,XPCI11,,Renda Variável,20,4,0.2,64999687.79615991238861315
60648,,1021,564,3150.6,BRCR11,,Renda Variável,20,4,0.2,64999687.79615991238861315
60648,,1022,724,1695.06,RBRF11,,Renda Variável,20,4,0.2,64999687.79615991238861315
60648,,1023,821,839.16,MXRF11,,Renda Variável,20,4,0.2,64999687.79615991238861315
60648,,1024,789,8139.6,HGLG11,,Renda Variável,20,4,0.2,64999687.79615991238861315
60648,,1025,621,4536.48,PVBI11,,Renda Variável,20,4,0.2,64999687.79615991238861315
60648,,1026,795,2557.8,BRCO11,,Renda Variável,20,4,0.2,64999687.79615991238861315
60648,,1027,676,8807.5,KNRI11,,Renda Variável,20,4,0.2,64999687.79615991238861315
60648,,1028,788,893.5,HGBS11,,Renda Variável,20,4,0.2,64999687.79615991238861315
46168,moderado,1029,810,1962.4,KNCR11,,Renda Variável,20,4,0.2,66981.38305257141262
46168,moderado,1030,809,1762.74,IRDM11,,Renda Variável,20,4,0.2,66981.38305257141262
46168,moderado,1031,802,1657.2,HGRE11,,Renda Variável,20,4,0.2,66981.38305257141262
46168,moderado,1032,660,2307.0,HGRU11,,Renda Variável,20,4,0.2,66981.38305257141262
46168,moderado,1033,647,1851.2,BTLG11,,Renda Variável,20,4,0.2,66981.38305257141262
46168,moderado,1034,676,2032.5,KNRI11,,Renda Variável,20,4,0.2,66981.38305257141262
55836,moderado,1035,767,0.0,BOVA11,,Renda Variável,20,4,0.2,132401508.97846384512637637
55836,moderado,1036,767,-631.4,BOVA11,,Renda Variável,20,4,0.2,132401508.97846384512637637
55836,moderado,1037,767,2271.27,BOVA11,,Renda Variável,20,4,0.2,132401508.97846384512637637
55836,moderado,1038,634,0.0,IVVB11,,Internacional,13,7,0.15,132401508.97846384512637637
55836,moderado,1039,634,1902.41,IVVB11,,Internacional,13,7,0.15,132401508.97846384512637637
55836,moderado,1040,634,-473.36,IVVB11,,Internacional,13,7,0.15,132401508.97846384512637637
55836,moderado,1041,634,396.15,IVVB11,,Internacional,13,7,0.15,132401508.97846384512637637
65547,moderado,1042,806,24.57,Saldo em Conta,,Saldo em Conta,11,8,0,57338724.96373227033516
55836,moderado,1043,806,1.8,Saldo em Conta,,Saldo em Conta,11,8,0,132401508.97846384512637637
18073,moderado-conservador,1044,806,0.0,Saldo em Conta,,Saldo em Conta,11,8,0,51423774.5900823556229462
7826,moderado-conservador,1045,806,0.0,Saldo em Conta,,Saldo em Conta,11,8,0,54651.1290499655540282
2429,moderado,1046,806,0.0,Saldo em Conta,,Saldo em Conta,11,8,0,133943897.9535000396616473
66740,moderado-conservador,1047,806,17.79,Saldo em Conta,,Saldo em Conta,11,8,0,17557.63113720791123
6777,moderado-conservador,1048,806,0.0,Saldo em Conta,,Saldo em Conta,11,8,0,231794.1921667687398789
60648,,1049,806,79.89,Saldo em Conta,,Saldo em Conta,11,8,0,64999687.79615991238861315
55101,moderado,1050,806,291.71,Saldo em Conta,,Saldo em Conta,11,8,0,140192.967495715948
